Column1,Column2
"This Pennsylvania Water Park Will Have You Saying ""H2Oooohh!""",https://www.tripsavvy.com/split-rock-resort-water-park-3225915
Split Rock Resort in Pennsylvania's Poconos,https://www.tripsavvy.com/split-rock-resort-in-pennsylvanias-poconos-3263952
Why Facebook Messenger Is Actually a Travel App,https://www.tripsavvy.com/why-facebook-messenger-is-actually-a-travel-app-4142103
The 8 Best Diving Fins of 2019,https://www.tripsavvy.com/best-diving-fins-4160543
Want a Magic Porthole in Your Cabin? Sail on the Disney Dream Cruise,https://www.tripsavvy.com/disney-dream-cabins-and-suites-992433
Where to Photograph Real Game of Thrones Destinations,https://www.tripsavvy.com/photograph-real-game-of-thrones-destinations-4040957
Restaurants For Cheap Food In Las Vegas,https://www.tripsavvy.com/cheap-restaurants-in-las-vegas-3987441
Top 5 Restaurants in Hong Kong for Visitors on a Budget,https://www.tripsavvy.com/best-restaurants-in-hong-kong-on-a-budget-1536102
Dictionary of Southern Slang,https://www.tripsavvy.com/southern-slang-dictionary-2211844
Live Large at 10 Perfect Villas in French St. Martin,https://www.tripsavvy.com/villas-in-french-st-martin-1488212
The 9 Best Snowboard Brands of 2019,https://www.tripsavvy.com/best-snowboard-brands-4770013
"What I Spent: Four Days in Savannah, Ga.",https://www.tripsavvy.com/what-i-spent-four-days-savannah-4058679
